{
  "version": 1,
  "author": "Arijitmandal",
  "editor": "wokwi",
  "parts": [
    { "type": "board-esp32-devkit-c-v4", "id": "esp", "top": -19.2, "left": 72.04, "attrs": {} },
    { "type": "wokwi-dht22", "id": "dht1", "top": -47.7, "left": 292.2, "attrs": {} },
    { "type": "wokwi-mpu6050", "id": "imu1", "top": 157.42, "left": 290.32, "attrs": {} },
    { "type": "wokwi-relay-module", "id": "relay1", "top": 0.2, "left": -259.2, "attrs": {} },
    {
      "type": "wokwi-text",
      "id": "text1",
      "top": 201.6,
      "left": 105.6,
      "attrs": { "text": "ESP 32\n" }
    },
    {
      "type": "wokwi-text",
      "id": "text2",
      "top": 220.8,
      "left": 288,
      "attrs": { "text": "MPU6050 \n(vibration/gyro)" }
    },
    {
      "type": "wokwi-buzzer",
      "id": "bz1",
      "top": -16.8,
      "left": -36.6,
      "attrs": { "volume": "0.1" }
    }
  ],
  "connections": [
    [ "esp:TX", "$serialMonitor:RX", "", [] ],
    [ "esp:RX", "$serialMonitor:TX", "", [] ],
    [ "esp:3V3", "dht1:VCC", "red", [ "v-38.4", "h211.35", "v96" ] ],
    [ "esp:3V3", "imu1:VCC", "red", [ "h288.15", "v115.2" ] ],
    [ "esp:GND.2", "dht1:GND", "black", [ "h9.6", "v67.2", "h153.6" ] ],
    [ "imu1:GND", "esp:GND.2", "black", [ "v-163.2", "h-182.32" ] ],
    [ "esp:21", "imu1:SDA", "purple", [ "h163.2", "v105.6" ] ],
    [ "esp:22", "imu1:SCL", "magenta", [ "h172.8", "v96" ] ],
    [ "esp:4", "dht1:SDA", "cyan", [ "h144", "v-76.8" ] ],
    [ "esp:3V3", "relay1:VCC", "red", [ "h-9.45", "v-48", "h-220.8" ] ],
    [ "esp:GND.1", "relay1:GND", "black", [ "h-345.45", "v-105.2" ] ],
    [ "relay1:IN", "esp:16", "blue", [ "v76.6", "h432" ] ],
    [ "relay1:COM", "bz1:1", "black", [ "h30", "v46.6" ] ],
    [ "relay1:NC", "bz1:2", "orange", [ "h49.2", "v75.6", "h106" ] ]
  ],
  "dependencies": {}
}